cli,custcode,notes
3345655443,4.1234,notesss
56678445,7.1234567, test test
65563345,6.434567, sadjkhdsakj



